-- Create Database
CREATE DATABASE IF NOT EXISTS LogisticsApp;
USE LogisticsApp;

-- 1. SERVICE_CENTRE Table
CREATE TABLE IF NOT EXISTS SERVICE_CENTRE (
    CENTRE_ID VARCHAR(20) PRIMARY KEY
);

-- 2. EMPLOYEE Table
CREATE TABLE IF NOT EXISTS EMPLOYEE (
    EMPLOYEE_ID VARCHAR(20) PRIMARY KEY,
    NAME VARCHAR(100) NOT NULL,
    SALARY DECIMAL(10, 2) NOT NULL,
    CENTRE_ID VARCHAR(20),
    FOREIGN KEY (CENTRE_ID) REFERENCES SERVICE_CENTRE(CENTRE_ID) ON DELETE SET NULL
);

-- 3. CUSTOMER Table
CREATE TABLE IF NOT EXISTS CUSTOMER (
    CUSTOMER_ID VARCHAR(20) PRIMARY KEY,
    FIRST_NAME VARCHAR(50) NOT NULL,
    LAST_NAME VARCHAR(50) NOT NULL,
    STREET VARCHAR(100),
    CITY VARCHAR(50),
    ZIP_CODE VARCHAR(20),
    PHONE_NUMBER VARCHAR(20)
);

-- 4. PARCEL Table
CREATE TABLE IF NOT EXISTS PARCEL (
    TRACKING_NUMBER VARCHAR(20) PRIMARY KEY,
    WEIGHT DECIMAL(5, 2) NOT NULL,
    LOCATION VARCHAR(50) NOT NULL,
    CUSTOMER_ID VARCHAR(20),
    FOREIGN KEY (CUSTOMER_ID) REFERENCES CUSTOMER(CUSTOMER_ID) ON DELETE CASCADE
);

-- 5. TRACKING_EVENT Table (Weak Entity)
CREATE TABLE IF NOT EXISTS TRACKING_EVENT (
    TRACKING_NUMBER VARCHAR(20),
    EVENT_NUMBER INT,
    EVENT_DESCRIPTION VARCHAR(255),
    EVENT_TIME TIMESTAMP DEFAULT CURRENT_TIMESTAMP,
    PRIMARY KEY (TRACKING_NUMBER, EVENT_NUMBER),
    FOREIGN KEY (TRACKING_NUMBER) REFERENCES PARCEL(TRACKING_NUMBER) ON DELETE CASCADE
);

-- 6. VEHICLE (Specialization Tables)
CREATE TABLE IF NOT EXISTS VAN (
    EMPLOYEE_ID VARCHAR(20) PRIMARY KEY,
    CARGO_VOLUME DECIMAL(5, 2) NOT NULL,
    FOREIGN KEY (EMPLOYEE_ID) REFERENCES EMPLOYEE(EMPLOYEE_ID) ON DELETE CASCADE
);

CREATE TABLE IF NOT EXISTS MOTORCYCLE (
    EMPLOYEE_ID VARCHAR(20) PRIMARY KEY,
    ENGINE_CAPACITY VARCHAR(20) NOT NULL,
    FOREIGN KEY (EMPLOYEE_ID) REFERENCES EMPLOYEE(EMPLOYEE_ID) ON DELETE CASCADE
);

-- Insert Sample Data
INSERT IGNORE INTO SERVICE_CENTRE (CENTRE_ID) VALUES ('SC-001'), ('SC-002'), ('SC-003');

INSERT IGNORE INTO CUSTOMER (CUSTOMER_ID, FIRST_NAME, LAST_NAME, STREET, CITY, ZIP_CODE, PHONE_NUMBER) VALUES 
('C1001', 'Renuka', 'Gollapalli', '7 LB Road', 'Hyderabad', '533030', '9018273546'),
('C1002', 'Meera', 'Sharma', '13 River Rd', 'Chennai', '600127', '9823567812');

INSERT IGNORE INTO EMPLOYEE (EMPLOYEE_ID, NAME, SALARY, CENTRE_ID) VALUES 
('E001', 'Renuka', 45000, 'SC-001'),
('E002', 'Kavita', 42000, 'SC-001'),
('E003', 'Akash', 89000, 'SC-002');

INSERT IGNORE INTO PARCEL (TRACKING_NUMBER, WEIGHT, LOCATION, CUSTOMER_ID) VALUES 
('TN-1000', 1.2, 'Sorting Hub', 'C1001'),
('TN-1001', 5.5, 'Out for delivery', 'C1002');

INSERT IGNORE INTO VAN (EMPLOYEE_ID, CARGO_VOLUME) VALUES 
('E001', 15.5);

INSERT IGNORE INTO MOTORCYCLE (EMPLOYEE_ID, ENGINE_CAPACITY) VALUES 
('E002', '150cc'),
('E003', '250cc');

INSERT IGNORE INTO TRACKING_EVENT (TRACKING_NUMBER, EVENT_NUMBER, EVENT_DESCRIPTION) VALUES 
('TN-1000', 1, 'Package Picked Up'),
('TN-1000', 2, 'Arrived at Sorting Hub'),
('TN-1001', 1, 'Package Picked Up'),
('TN-1001', 2, 'Out for Delivery');
